seq,date,num,won,1,2,3,4,5,6
964,2021.5.22,10,"2,345,861,063",6,21,36,38,39,43
963,2021.5.15,15,"1,476,478,125",6,12,19,23,34,42
962,2021.5.8,12,"1,940,906,094",1,18,28,31,34,43
961,2021.5.1,9,"2,575,231,209",11,20,29,31,33,42
960,2021.4.24,10,"2,401,133,213",2,18,24,30,32,45
959,2021.4.17,8,"3,015,312,891",1,14,15,24,40,41
958,2021.4.10,15,"1,596,119,675",2,9,10,16,35,37
957,2021.4.3,11,"2,126,634,137",4,15,24,35,36,40
956,2021.3.27,11,"2,022,982,671",10,11,20,21,25,41
955,2021.3.20,12,"2,023,170,188",4,9,23,26,29,33
954,2021.3.13,10,"2,478,795,900",1,9,26,28,30,41
953,2021.3.6,14,"1,640,636,009",7,9,22,27,37,42
952,2021.2.27,9,"2,713,699,834",4,12,22,24,33,41
951,2021.2.20,14,"1,747,552,661",2,12,30,31,39,43
950,2021.2.13,8,"3,281,920,500",3,4,15,22,28,40
949,2021.2.6,10,"2,458,569,713",14,21,35,36,40,44
948,2021.1.30,11,"2,188,548,716",13,18,30,31,38,41
947,2021.1.23,18,"1,275,855,750",3,8,17,20,27,35
946,2021.1.16,11,"2,157,656,182",9,18,19,30,34,40
945,2021.1.9,13,"1,765,554,491",9,10,15,30,33,37
944,2021.1.2,13,"1,961,836,356",2,13,16,19,32,33
943,2020.12.26,7,"3,435,045,108",1,8,13,36,44,45
942,2020.12.19,6,"3,761,680,313",10,12,18,35,42,43
941,2020.12.12,16,"1,347,297,422",12,14,25,27,39,40
940,2020.12.5,8,"2,846,071,079",3,15,20,22,24,41
939,2020.11.28,13,"1,708,363,039",4,11,28,39,42,45
938,2020.11.21,10,"2,249,466,563",4,8,10,16,31,36
937,2020.11.14,11,"2,058,420,819",2,10,13,22,29,40
936,2020.11.7,14,"1,492,069,179",7,11,13,17,18,29
935,2020.10.31,13,"1,711,055,424",4,10,20,32,38,44
934,2020.10.24,4,"5,765,772,844",1,3,30,33,36,39
933,2020.10.17,8,"2,927,797,079",23,27,29,31,36,45
932,2020.10.10,7,"3,390,022,983",1,6,15,36,37,38
931,2020.10.3,8,"2,957,108,063",14,15,23,25,35,43
930,2020.9.26,8,"2,832,418,829",8,21,25,38,39,44
929,2020.9.19,16,"1,308,035,157",7,9,12,15,19,23
928,2020.9.12,7,"3,134,591,358",3,4,10,20,28,44
927,2020.9.5,6,"3,714,203,875",4,15,22,38,41,43
926,2020.8.29,10,"2,032,490,663",10,16,18,20,25,31
925,2020.8.22,12,"1,771,080,532",13,24,32,34,39,42
924,2020.8.15,9,"2,382,430,667",3,11,34,42,43,44
923,2020.8.8,8,"2,667,554,625",3,17,18,23,36,41
922,2020.8.1,6,"3,417,904,500",2,6,13,17,27,43
921,2020.7.25,17,"1,232,573,405",5,7,12,22,28,41
920,2020.7.18,7,"3,120,260,197",2,3,26,33,34,43
919,2020.7.11,5,"4,305,150,450",9,14,17,18,42,44
918,2020.7.4,18,"1,117,622,646",7,11,12,31,33,38
917,2020.6.27,10,"2,144,799,638",1,3,23,24,27,43
916,2020.6.20,11,"2,025,384,341",6,21,22,32,35,36
915,2020.6.13,6,"3,518,640,500",2,6,11,13,22,37
914,2020.6.6,11,"1,950,005,557",16,19,24,33,42,44
913,2020.5.30,16,"1,338,755,602",6,14,16,21,27,37
912,2020.5.23,14,"1,493,500,581",5,8,18,21,22,38
911,2020.5.16,10,"2,113,538,625",4,5,12,14,32,42
910,2020.5.9,21,"941,316,375",1,11,17,27,35,39
909,2020.5.2,11,"2,021,062,875",7,24,29,30,34,35
908,2020.4.25,8,"2,834,856,141",3,16,21,22,23,44
907,2020.4.18,7,"3,165,059,036",21,27,29,38,40,44
906,2020.4.11,9,"2,472,607,250",2,5,14,28,31,32
905,2020.4.4,7,"3,017,862,536",3,4,16,27,38,40
904,2020.3.28,8,"2,718,077,813",2,6,8,26,43,45
903,2020.3.21,13,"1,684,582,212",2,15,16,21,22,28
902,2020.3.14,13,"1,619,317,529",7,19,23,24,36,39
901,2020.3.7,9,"2,267,974,667",5,18,20,23,30,34
900,2020.2.29,6,"3,349,851,375",7,13,16,18,35,38
899,2020.2.22,6,"3,359,356,063",8,19,20,21,33,39
898,2020.2.15,8,"2,639,313,235",18,21,28,35,37,42
897,2020.2.8,13,"1,619,922,520",6,7,12,22,26,36
896,2020.2.1,7,"3,053,222,036",5,12,25,26,38,45
895,2020.1.25,12,"1,928,079,219",16,26,31,38,39,41
894,2020.1.18,9,"2,377,935,959",19,32,37,40,41,43
893,2020.1.11,9,"2,377,433,625",1,15,17,23,25,41
892,2020.1.4,17,"1,282,017,464",4,9,17,18,26,42
891,2019.12.28,7,"3,082,673,947",9,13,28,31,39,41
890,2019.12.21,9,"2,335,486,167",1,4,14,18,29,37
889,2019.12.14,10,"2,108,986,950",3,13,29,38,39,42
888,2019.12.7,8,"2,370,359,204",3,7,12,31,34,38
887,2019.11.30,8,"2,535,268,688",8,14,17,27,36,45
886,2019.11.23,7,"2,974,643,786",19,23,28,37,42,45
885,2019.11.16,13,"1,543,832,568",1,3,24,27,39,45
884,2019.11.9,12,"1,799,077,282",4,14,23,28,37,45
883,2019.11.2,15,"1,360,519,525",9,18,32,33,37,44
882,2019.10.26,5,"4,127,270,400",18,34,39,43,44,45
881,2019.10.19,8,"2,503,212,282",4,18,20,26,27,32
880,2019.10.12,7,"2,837,810,465",7,17,19,23,24,45
879,2019.10.5,6,"3,206,361,313",1,4,10,14,15,35
878,2019.9.28,6,"3,207,993,500",2,6,11,16,25,31
877,2019.9.21,12,"1,716,607,188",5,17,18,22,23,43
876,2019.9.14,19,"1,090,657,856",5,16,21,26,34,42
875,2019.9.7,14,"1,415,946,724",19,22,30,34,39,44
874,2019.8.31,18,"1,117,123,917",1,15,19,23,28,42
873,2019.8.24,10,"1,874,553,225",3,5,12,13,33,39
872,2019.8.17,16,"1,262,705,579",2,4,30,32,33,43
871,2019.8.10,7,"2,718,071,358",2,6,12,26,30,34
870,2019.8.3,10,"1,928,842,988",21,25,30,32,40,42
869,2019.7.27,10,"1,922,582,588",2,6,20,27,37,39
868,2019.7.20,6,"3,233,804,250",12,17,28,41,43,44
867,2019.7.13,5,"3,933,755,250",14,17,19,22,24,40
866,2019.7.6,9,"2,240,409,000",9,15,29,34,37,39
865,2019.6.29,13,"1,551,729,145",3,15,22,32,33,45
864,2019.6.22,11,"1,716,553,637",3,7,10,13,25,36
863,2019.6.15,7,"2,853,357,322",16,21,28,35,39,43
862,2019.6.8,9,"2,190,922,709",10,34,38,40,42,43
861,2019.6.1,4,"4,872,108,844",11,17,19,21,22,25
860,2019.5.25,10,"1,879,899,825",4,8,18,25,27,32
859,2019.5.18,11,"1,853,927,489",8,22,35,38,39,41
858,2019.5.11,9,"2,202,347,459",9,13,32,38,39,43
857,2019.5.4,15,"1,284,915,425",6,10,16,28,34,38
856,2019.4.27,5,"3,977,927,550",10,24,40,41,43,44
855,2019.4.20,9,"2,269,510,500",8,15,17,19,43,44
854,2019.4.13,6,"3,421,706,750",20,25,31,32,36,43
853,2019.4.6,7,"2,885,006,786",2,8,23,26,27,44
852,2019.3.30,4,"4,801,543,407",11,17,28,30,33,35
851,2019.3.23,8,"2,483,692,313",14,18,22,26,31,44
850,2019.3.16,6,"3,377,587,875",16,20,24,28,36,39
849,2019.3.9,17,"1,158,252,883",5,13,17,29,34,39
848,2019.3.2,7,"3,011,580,858",1,2,16,22,38,39
847,2019.2.23,8,"2,520,846,657",12,16,26,28,30,42
846,2019.2.16,13,"1,596,884,395",5,18,30,41,43,45
845,2019.2.9,11,"1,891,217,182",1,16,29,33,40,45
844,2019.2.2,18,"1,162,963,542",7,8,13,15,33,45
843,2019.1.26,5,"4,012,970,100",19,21,30,33,34,42
842,2019.1.19,10,"2,035,475,025",14,26,32,36,39,42
841,2019.1.12,17,"1,116,095,714",5,11,14,30,33,38
840,2019.1.5,10,"2,042,961,788",2,4,11,28,29,43
839,2018.12.29,13,"1,359,454,904",3,9,11,12,13,19
838,2018.12.22,5,"3,813,733,050",9,14,17,33,36,38
837,2018.12.15,6,"3,144,449,125",2,25,28,30,33,45
836,2018.12.8,14,"1,257,843,670",1,9,11,14,26,28
835,2018.12.1,15,"1,233,681,125",9,10,13,28,38,45
834,2018.11.24,11,"1,690,693,671",6,8,18,35,42,43
833,2018.11.17,8,"2,356,317,282",12,18,30,39,41,42
832,2018.11.10,9,"2,088,204,584",13,14,19,26,40,43
831,2018.11.3,16,"1,110,702,258",3,10,16,19,31,39
830,2018.10.27,9,"2,060,528,750",5,6,16,18,37,38
829,2018.10.20,8,"2,444,650,641",4,5,31,35,43,45
828,2018.10.13,13,"1,455,185,972",4,7,13,29,31,39
827,2018.10.6,15,"1,206,500,375",5,11,12,29,33,44
826,2018.9.29,9,"2,075,192,084",13,16,24,25,33,36
825,2018.9.22,12,"1,658,710,563",8,15,21,31,33,38
824,2018.9.15,15,"1,256,646,550",7,9,24,29,34,38
823,2018.9.8,9,"2,009,843,917",12,18,24,26,39,40
822,2018.9.1,3,"5,930,898,625",9,18,20,24,27,36
821,2018.8.25,14,"1,316,155,956",1,12,13,24,29,44
820,2018.8.18,4,"4,627,313,532",10,21,22,30,35,42
819,2018.8.11,7,"2,594,534,840",16,25,33,38,40,45
818,2018.8.4,13,"1,380,804,318",14,15,25,28,29,30
817,2018.7.28,9,"1,868,477,334",3,9,12,13,25,43
816,2018.7.21,8,"2,128,107,938",12,18,19,29,31,39
815,2018.7.14,7,"2,579,855,358",17,21,25,26,27,36
814,2018.7.7,6,"3,067,192,063",2,21,28,38,42,45
813,2018.6.30,4,"4,591,763,157",11,30,34,35,42,44
812,2018.6.23,6,"2,947,954,750",1,3,12,14,16,43
811,2018.6.16,7,"2,524,148,197",8,11,19,21,36,45
810,2018.6.9,8,"2,231,598,047",5,10,13,21,39,43
809,2018.6.2,6,"2,921,372,750",6,11,15,17,23,40
808,2018.5.26,6,"3,087,620,500",15,21,31,32,41,43
807,2018.5.19,7,"2,437,662,322",6,10,18,25,34,35
806,2018.5.12,7,"2,640,760,875",14,20,23,31,37,38
805,2018.5.5,4,"4,266,061,969",3,12,13,18,31,32
804,2018.4.28,11,"1,631,996,523",1,10,13,26,32,36
803,2018.4.21,5,"3,663,810,225",5,9,14,26,30,43
802,2018.4.14,16,"1,082,947,993",10,11,12,18,24,42
801,2018.4.7,8,"2,256,786,657",17,25,28,37,43,44
800,2018.3.31,11,"1,632,246,205",1,4,10,12,28,45
799,2018.3.24,10,"1,826,427,225",12,17,23,34,42,45
798,2018.3.17,7,"2,710,791,911",2,10,14,22,32,36
797,2018.3.10,8,"2,397,028,125",5,22,31,32,39,45
796,2018.3.3,7,"2,763,490,340",1,21,26,36,40,41
795,2018.2.24,11,"1,714,977,000",3,10,13,26,34,38
794,2018.2.17,7,"2,650,940,304",6,7,18,19,30,38
793,2018.2.10,5,"3,750,146,775",10,15,21,35,38,43
792,2018.2.3,7,"2,655,736,768",2,7,19,25,29,36
791,2018.1.27,14,"1,253,081,893",2,10,12,31,33,42
790,2018.1.20,16,"1,160,516,274",3,8,19,27,30,41
789,2018.1.13,15,"1,140,976,825",2,6,7,12,19,45
788,2018.1.6,13,"1,401,475,154",2,10,11,19,35,39
787,2017.12.30,6,"3,092,108,313",5,6,13,16,27,28
786,2017.12.23,4,"4,551,365,250",12,15,16,20,24,30
785,2017.12.16,6,"2,886,622,688",4,6,15,25,26,33
784,2017.12.9,9,"1,908,678,000",3,10,23,24,31,39
783,2017.12.2,4,"4,603,964,625",14,15,16,17,38,45
782,2017.11.25,9,"1,946,487,625",6,18,31,34,38,45
781,2017.11.18,9,"1,882,891,542",11,16,18,19,24,39
780,2017.11.11,11,"1,667,520,137",15,17,19,21,27,45
779,2017.11.4,11,"1,527,709,296",6,12,19,24,34,41
778,2017.10.28,3,"6,264,069,500",6,21,35,36,37,41
777,2017.10.21,21,"833,468,036",6,12,17,21,34,37
776,2017.10.14,7,"2,557,579,393",8,9,18,21,28,40
775,2017.10.7,5,"3,470,437,650",11,12,29,33,38,42
774,2017.9.30,11,"1,709,721,512",12,15,18,28,34,42
773,2017.9.23,11,"1,609,403,080",8,12,19,21,31,35
772,2017.9.16,10,"1,769,608,838",5,6,11,14,21,41
771,2017.9.9,4,"4,362,644,907",6,10,17,18,21,29
770,2017.9.2,8,"2,163,099,329",1,9,12,23,39,43
769,2017.8.26,9,"1,930,760,042",5,7,11,16,41,45
768,2017.8.19,13,"1,363,572,260",7,27,29,30,38,44
767,2017.8.12,15,"1,163,768,725",5,15,20,31,34,42
766,2017.8.5,8,"2,173,637,297",9,30,34,35,39,41
765,2017.7.29,15,"1,109,214,250",1,3,8,12,42,43
764,2017.7.22,7,"2,459,975,465",7,22,24,31,34,36
763,2017.7.15,8,"2,138,130,000",3,8,16,32,34,43
762,2017.7.8,10,"1,631,432,063",1,3,12,21,26,41
761,2017.7.1,7,"2,392,730,518",4,7,11,24,42,45
760,2017.6.24,8,"2,253,299,391",10,22,27,31,42,43
759,2017.6.17,6,"3,032,670,500",9,33,36,40,42,43
758,2017.6.10,8,"2,078,969,954",5,9,12,30,39,43
757,2017.6.3,21,"739,839,858",6,7,11,17,33,44
756,2017.5.27,5,"3,414,434,700",10,14,16,18,27,28
755,2017.5.20,8,"2,214,427,266",13,14,26,28,30,36
754,2017.5.13,5,"3,427,542,000",2,8,17,24,29,31
753,2017.5.6,6,"2,711,105,063",2,17,19,24,37,41
752,2017.4.29,9,"1,870,358,834",4,16,20,33,40,43
751,2017.4.22,8,"2,097,968,110",3,4,16,20,28,44
750,2017.4.15,7,"2,522,104,286",1,2,15,19,24,36
749,2017.4.8,13,"1,350,104,395",12,14,24,26,34,45
748,2017.4.1,9,"1,928,246,542",3,10,13,22,31,32
747,2017.3.25,9,"1,903,214,584",7,9,12,14,23,28
746,2017.3.18,9,"2,038,623,709",3,12,33,36,42,45
745,2017.3.11,20,"746,822,982",1,2,3,9,12,23
744,2017.3.4,15,"1,155,411,575",10,15,18,21,34,41
743,2017.2.25,7,"2,608,641,000",15,19,21,34,41,44
742,2017.2.18,16,"1,111,814,813",8,10,13,36,37,40
741,2017.2.11,6,"3,043,595,938",5,21,27,34,44,45
740,2017.2.4,18,"936,929,792",4,8,9,16,17,19
739,2017.1.28,4,"4,744,122,282",7,22,29,33,34,35
738,2017.1.21,11,"1,634,191,091",23,27,28,38,42,43
737,2017.1.14,4,"4,283,061,000",13,15,18,24,27,41
736,2017.1.7,5,"3,397,362,225",2,11,17,18,21,27
735,2016.12.31,10,"1,847,231,588",5,10,13,27,37,41
734,2016.12.24,9,"1,949,395,500",6,16,37,38,41,45
733,2016.12.17,4,"4,016,725,125",11,24,32,33,35,40
732,2016.12.10,7,"2,203,270,608",2,4,5,17,27,32
731,2016.12.3,7,"2,340,471,054",2,7,13,25,42,45
730,2016.11.26,8,"2,017,382,110",4,10,14,15,18,22
729,2016.11.19,4,"4,198,250,719",11,17,21,26,36,45
728,2016.11.12,5,"3,243,464,400",3,6,10,30,34,37
727,2016.11.5,14,"1,115,107,742",7,8,10,19,21,31
726,2016.10.29,14,"1,166,872,634",1,11,21,23,34,44
725,2016.10.22,11,"1,579,217,250",6,7,19,21,41,43
724,2016.10.15,12,"1,427,789,813",2,8,33,35,37,41
723,2016.10.8,8,"2,114,365,360",20,30,33,35,36,44
722,2016.10.1,4,"4,365,422,719",12,14,21,30,39,43
721,2016.9.24,8,"2,273,767,360",1,28,35,41,43,44
720,2016.9.17,14,"1,233,770,358",1,12,29,34,36,37
719,2016.9.10,9,"1,879,581,334",4,8,13,19,20,43
718,2016.9.3,17,"926,166,464",4,11,20,23,32,39
717,2016.8.27,6,"2,702,433,688",2,11,19,25,28,32
716,2016.8.20,12,"1,358,752,157",2,6,13,16,29,30
715,2016.8.13,6,"2,605,510,438",2,7,27,33,41,44
714,2016.8.6,7,"2,085,131,733",1,7,22,33,37,40
713,2016.7.30,9,"1,714,720,917",2,5,15,18,19,23
712,2016.7.23,4,"4,034,485,125",17,20,30,31,33,45
711,2016.7.16,7,"2,277,413,358",11,15,24,35,37,45
710,2016.7.9,5,"2,895,441,150",3,4,9,24,25,33
709,2016.7.2,14,"1,165,271,625",10,18,30,36,39,44
708,2016.6.25,4,"4,099,552,219",2,10,16,19,34,45
707,2016.6.18,12,"1,322,167,313",2,12,19,24,39,44
706,2016.6.11,4,"3,831,746,063",3,4,6,10,28,30
705,2016.6.4,4,"3,987,206,532",1,6,17,22,28,45
704,2016.5.28,4,"3,865,190,344",1,4,8,23,33,42
703,2016.5.21,5,"3,235,784,100",10,28,31,33,41,44
702,2016.5.14,11,"1,465,091,387",3,13,16,24,26,29
701,2016.5.7,10,"1,583,183,175",3,10,14,16,36,38
700,2016.4.30,8,"2,082,099,188",11,23,28,29,30,44
699,2016.4.23,8,"1,995,411,375",4,5,8,16,21,29
698,2016.4.16,8,"1,921,084,125",3,11,13,21,33,37
697,2016.4.9,10,"1,531,443,038",2,5,8,11,33,39
696,2016.4.2,10,"1,632,054,413",1,7,16,18,34,38
695,2016.3.26,11,"1,450,214,830",4,18,26,33,34,38
694,2016.3.19,10,"1,555,036,388",7,15,20,25,33,43
693,2016.3.12,10,"1,642,763,813",1,6,11,28,34,42
692,2016.3.5,7,"2,301,273,697",3,11,14,15,32,36
691,2016.2.27,6,"2,839,296,750",15,27,33,35,43,45
690,2016.2.20,15,"1,126,507,625",24,25,33,34,38,39
689,2016.2.13,7,"2,321,775,911",7,17,19,30,36,38
688,2016.2.6,9,"1,967,536,750",5,15,22,23,34,35
687,2016.1.30,6,"2,720,029,313",1,8,10,13,28,42
686,2016.1.23,8,"1,937,531,719",7,12,15,24,25,43
685,2016.1.16,11,"1,494,367,671",6,7,12,28,38,40
684,2016.1.9,9,"1,688,815,709",1,11,15,17,25,39
683,2016.1.2,16,"1,010,930,883",6,13,20,27,28,40
682,2015.12.26,4,"4,063,713,563",17,23,27,35,38,43
681,2015.12.19,6,"2,696,328,938",21,24,27,29,43,44
680,2015.12.12,14,"1,110,570,563",4,10,19,29,32,42
679,2015.12.5,5,"2,863,005,600",3,5,7,14,26,34
678,2015.11.28,6,"2,288,490,188",4,5,6,12,25,37
677,2015.11.21,8,"1,921,114,407",12,15,24,36,41,44
676,2015.11.14,8,"1,879,726,500",1,8,17,34,39,45
675,2015.11.7,4,"3,514,549,032",1,8,11,15,18,45
674,2015.10.31,8,"1,770,565,500",9,10,14,25,27,31
673,2015.10.24,10,"1,491,453,300",7,10,17,29,33,44
672,2015.10.17,9,"1,754,745,000",8,21,28,31,36,45
671,2015.10.10,4,"3,722,322,844",7,9,10,13,31,35
670,2015.10.3,12,"1,191,725,219",11,18,26,27,40,41
669,2015.9.26,6,"2,708,173,188",7,8,20,29,33,38
668,2015.9.19,5,"2,991,158,625",12,14,15,24,27,32
667,2015.9.12,7,"2,228,764,393",15,17,25,37,42,43
666,2015.9.5,6,"2,396,901,063",2,4,6,11,17,28
665,2015.8.29,4,"3,643,230,375",5,6,11,17,38,44
664,2015.8.22,10,"1,536,801,338",10,20,33,36,41,44
663,2015.8.15,7,"2,080,244,143",3,5,8,19,38,42
662,2015.8.8,8,"1,689,733,688",5,6,9,11,15,37
661,2015.8.1,8,"1,713,025,547",2,3,12,20,27,38
660,2015.7.25,10,"1,421,272,575",4,9,23,33,39,44
659,2015.7.18,11,"1,336,604,216",7,18,19,27,29,42
658,2015.7.11,9,"1,634,031,375",8,19,25,28,32,36
657,2015.7.4,9,"1,694,762,792",10,14,19,39,40,43
656,2015.6.27,2,"7,330,002,750",3,7,14,16,31,40
655,2015.6.20,9,"1,661,439,625",7,37,38,39,40,44
654,2015.6.13,8,"1,879,301,391",16,21,26,31,36,43
653,2015.6.6,14,"980,958,670",5,6,26,27,38,39
652,2015.5.30,5,"3,003,483,525",3,13,15,40,41,44
651,2015.5.23,8,"1,855,306,454",11,12,16,26,29,44
650,2015.5.16,5,"2,849,298,900",3,4,7,11,31,41
649,2015.5.9,5,"2,948,042,100",3,21,22,33,41,42
648,2015.5.2,7,"2,120,987,947",13,19,28,37,38,43
647,2015.4.25,7,"2,189,725,608",5,16,21,23,24,30
646,2015.4.18,7,"2,215,498,393",2,9,24,41,43,45
645,2015.4.11,4,"3,696,297,750",1,4,16,26,40,41
644,2015.4.4,8,"1,831,451,204",5,13,17,23,28,36
643,2015.3.28,6,"2,535,763,625",15,24,31,32,33,40
642,2015.3.21,12,"1,251,460,438",8,17,18,24,39,45
641,2015.3.14,8,"1,990,074,563",11,18,21,36,37,43
640,2015.3.7,9,"1,728,768,834",14,15,18,21,26,35
639,2015.2.28,4,"4,061,185,219",6,15,22,23,25,32
638,2015.2.21,7,"2,229,403,179",7,18,22,24,31,34
637,2015.2.14,4,"3,899,241,094",3,16,22,37,38,44
636,2015.2.7,8,"1,832,362,219",6,7,15,16,20,31
635,2015.1.31,8,"1,855,587,235",11,13,25,26,29,33
634,2015.1.24,13,"1,077,935,106",4,10,11,12,20,27
633,2015.1.17,12,"1,217,257,094",9,12,19,20,39,41
632,2015.1.10,11,"1,432,587,716",15,18,21,32,35,44
631,2015.1.3,4,"3,919,853,532",1,2,4,23,31,34
630,2014.12.27,3,"4,836,305,500",8,17,21,24,27,31
629,2014.12.20,5,"2,919,433,575",19,28,31,38,43,44
628,2014.12.13,9,"1,499,942,875",1,7,12,15,23,42
627,2014.12.6,10,"1,352,230,650",2,9,22,25,31,45
626,2014.11.29,8,"1,717,871,110",13,14,26,33,40,43
625,2014.11.22,5,"2,765,184,675",3,6,7,20,21,39
624,2014.11.15,5,"2,763,729,450",1,7,19,26,27,35
623,2014.11.8,8,"1,813,702,594",7,13,30,39,41,45
622,2014.11.1,9,"1,630,598,292",9,15,16,21,28,34
621,2014.10.25,6,"2,359,723,500",1,2,6,16,19,42
620,2014.10.18,7,"2,028,283,233",2,16,17,32,39,45
619,2014.10.11,3,"4,612,479,375",6,8,13,30,35,40
618,2014.10.4,5,"2,881,326,225",8,16,25,30,42,43
617,2014.9.27,8,"1,629,701,860",4,5,11,12,24,27
616,2014.9.20,9,"1,611,811,250",5,13,18,23,40,45
615,2014.9.13,9,"1,535,062,417",10,17,18,19,23,27
614,2014.9.6,6,"2,540,975,438",8,21,25,39,40,44
613,2014.8.30,9,"1,549,831,209",7,8,11,16,41,44
612,2014.8.23,11,"1,181,705,250",6,9,18,19,25,33
611,2014.8.16,4,"3,502,706,157",2,22,27,33,36,37
610,2014.8.9,4,"3,516,018,375",14,18,20,23,28,36
609,2014.8.2,2,"6,339,311,438",4,8,27,34,39,40
608,2014.7.26,7,"1,943,530,018",4,8,18,19,39,44
607,2014.7.19,4,"3,494,480,907",8,14,23,36,38,39
606,2014.7.12,10,"1,311,566,850",1,5,6,14,20,39
605,2014.7.5,9,"1,394,232,250",1,2,7,9,10,38
604,2014.6.28,11,"1,229,141,557",2,6,18,21,33,34
603,2014.6.21,4,"3,452,136,563",2,19,25,26,27,43
602,2014.6.14,8,"1,689,530,860",13,14,22,27,30,38
601,2014.6.7,9,"1,524,565,209",2,16,19,31,34,35
600,2014.5.31,15,"901,798,725",5,11,14,27,29,36
599,2014.5.24,8,"1,710,918,329",5,12,17,29,34,35
598,2014.5.17,16,"833,998,594",4,12,24,33,38,45
597,2014.5.10,13,"1,057,920,606",8,10,23,24,35,43
596,2014.5.3,10,"1,328,267,663",3,4,12,14,25,43
595,2014.4.26,8,"1,744,525,219",8,24,28,35,38,40
594,2014.4.19,11,"1,255,592,796",2,8,13,25,28,37
593,2014.4.12,9,"1,532,833,500",9,10,13,24,33,38
592,2014.4.5,6,"2,356,381,688",2,5,6,13,28,44
591,2014.3.29,5,"2,964,676,200",8,13,14,30,38,39
590,2014.3.22,7,"2,185,183,983",20,30,36,38,41,45
589,2014.3.15,7,"2,136,877,983",6,8,28,33,38,39
588,2014.3.8,5,"2,889,342,075",2,8,15,22,25,41
587,2014.3.1,3,"4,974,577,375",14,21,29,31,32,37
586,2014.2.22,8,"1,778,354,344",2,7,12,15,21,34
585,2014.2.15,9,"1,620,546,334",6,7,10,16,38,41
584,2014.2.8,3,"5,033,183,250",7,18,30,39,40,41
583,2014.2.1,11,"1,341,848,353",8,17,27,33,40,44
582,2014.1.25,4,"3,560,558,719",2,12,14,33,40,41
581,2014.1.18,8,"1,844,554,547",3,5,14,20,42,44
580,2014.1.11,7,"2,028,610,500",5,7,9,11,32,35
579,2014.1.4,11,"1,396,068,444",5,7,20,22,37,42
578,2013.12.28,5,"2,796,466,575",5,12,14,32,34,42
577,2013.12.21,3,"4,484,438,375",16,17,22,31,34,37
576,2013.12.14,3,"4,321,966,000",10,11,15,25,35,41
575,2013.12.7,8,"1,699,267,875",2,8,20,30,33,34
574,2013.11.30,2,"6,965,184,938",14,15,16,19,25,43
573,2013.11.23,8,"1,645,691,766",2,4,20,34,35,43
572,2013.11.16,8,"1,668,216,188",3,13,18,33,37,45
571,2013.11.9,7,"1,966,538,465",11,18,21,26,38,43
570,2013.11.2,9,"1,527,791,625",1,12,26,27,29,33
569,2013.10.26,4,"3,467,925,188",3,6,13,23,24,35
568,2013.10.19,10,"1,305,167,550",1,3,17,20,31,44
567,2013.10.12,6,"2,318,659,438",1,10,15,16,32,41
566,2013.10.5,4,"3,508,951,032",4,5,6,25,26,43
565,2013.9.28,8,"1,742,064,469",4,10,18,27,40,45
564,2013.9.21,7,"1,934,801,143",14,19,25,26,27,34
563,2013.9.14,7,"1,932,735,643",5,10,16,17,31,32
562,2013.9.7,11,"1,166,694,614",4,11,13,17,20,31
561,2013.8.31,5,"2,753,712,225",5,7,18,37,42,45
560,2013.8.24,7,"1,976,697,215",1,4,20,23,29,45
559,2013.8.17,7,"1,926,145,608",11,12,25,32,44,45
558,2013.8.10,10,"1,315,913,663",12,15,19,26,40,43
557,2013.8.3,7,"1,888,069,286",4,20,26,28,35,40
556,2013.7.27,7,"2,005,209,161",12,20,23,28,30,44
555,2013.7.20,8,"1,711,027,360",11,17,21,24,26,36
554,2013.7.13,2,"6,813,893,625",13,14,17,32,41,42
553,2013.7.6,6,"2,249,631,438",2,7,17,28,29,39
552,2013.6.29,10,"1,330,824,225",1,10,20,32,35,40
551,2013.6.22,1,"13,526,973,750",3,6,20,24,27,44
550,2013.6.15,11,"1,118,679,205",1,7,14,20,34,37
549,2013.6.8,8,"1,760,805,047",29,31,35,38,40,44
548,2013.6.1,8,"1,736,871,891",1,12,13,21,32,45
547,2013.5.25,5,"2,838,444,450",6,7,15,22,34,39
546,2013.5.18,30,"405,939,950",8,17,20,27,37,43
545,2013.5.11,11,"1,198,994,353",4,24,25,27,34,35
544,2013.5.4,13,"1,046,388,433",5,17,21,25,36,44
543,2013.4.27,12,"1,112,934,844",13,18,26,31,34,44
542,2013.4.20,6,"2,335,152,563",5,6,19,26,41,45
541,2013.4.13,11,"1,269,327,171",8,13,26,28,32,34
540,2013.4.6,7,"1,989,365,250",3,12,13,15,34,36
539,2013.3.30,9,"1,621,036,667",3,19,22,31,42,43
538,2013.3.23,3,"4,688,021,625",6,10,18,31,32,34
537,2013.3.16,7,"2,104,038,911",12,23,26,30,36,43
536,2013.3.9,11,"1,308,523,603",7,8,18,32,37,43
535,2013.3.2,3,"4,935,603,000",11,12,14,15,18,39
534,2013.2.23,1,"14,215,763,250",10,24,26,29,37,38
533,2013.2.16,8,"1,785,671,579",9,14,15,17,31,33
532,2013.2.9,7,"2,216,896,286",16,17,23,24,29,44
531,2013.2.2,9,"1,521,519,750",1,5,9,21,27,35
530,2013.1.26,11,"1,231,656,239",16,23,27,29,33,41
529,2013.1.19,8,"1,749,114,797",18,20,24,27,31,42
528,2013.1.12,11,"1,197,889,125",5,17,25,31,39,40
527,2013.1.5,13,"1,032,386,366",1,12,22,32,33,42
526,2012.12.29,9,"1,491,031,959",7,14,17,20,35,39
525,2012.12.22,9,"1,501,132,375",11,23,26,29,39,44
524,2012.12.15,4,"3,491,695,594",10,11,29,38,41,45
523,2012.12.8,7,"1,780,355,840",1,4,37,38,40,45
522,2012.12.1,6,"2,281,623,000",4,5,13,14,37,41
521,2012.11.24,8,"1,693,420,922",3,7,18,29,32,36
520,2012.11.17,6,"2,167,205,438",4,22,27,28,38,40
519,2012.11.10,7,"1,950,601,393",6,8,13,16,30,43
518,2012.11.3,6,"2,263,804,125",14,23,30,32,34,38
517,2012.10.27,5,"2,659,057,725",1,9,12,28,36,41
516,2012.10.20,11,"1,294,190,182",2,8,23,41,43,44
515,2012.10.13,1,"13,200,466,875",2,11,12,15,23,37
514,2012.10.6,3,"4,451,055,500",1,15,20,26,35,42
513,2012.9.29,3,"4,589,624,750",5,8,21,23,27,33
512,2012.9.22,13,"940,094,452",4,5,9,13,26,27
511,2012.9.15,6,"2,165,579,250",3,7,14,23,26,42
510,2012.9.8,5,"2,644,158,150",12,29,32,33,39,40
509,2012.9.1,5,"2,689,076,100",12,25,29,35,42,43
508,2012.8.25,8,"1,599,557,860",5,27,31,34,35,43
507,2012.8.18,9,"1,416,438,875",12,13,32,33,40,41
506,2012.8.11,3,"4,073,333,875",6,9,11,22,24,30
505,2012.8.4,6,"1,917,955,188",7,20,22,25,38,40
504,2012.7.28,9,"1,443,236,959",6,14,22,26,43,44
503,2012.7.21,7,"1,853,634,911",1,5,27,30,34,36
502,2012.7.14,6,"2,201,458,125",6,22,28,32,34,40
501,2012.7.7,4,"3,025,200,094",1,4,10,17,31,42
500,2012.6.30,9,"1,351,072,375",3,4,12,20,24,34
499,2012.6.23,3,"4,070,480,250",5,20,23,27,35,40
498,2012.6.16,4,"3,244,503,094",13,14,24,32,39,41
497,2012.6.9,6,"2,222,817,813",19,20,23,24,43,44
496,2012.6.2,4,"3,285,932,250",4,13,20,29,36,41
495,2012.5.26,6,"2,111,645,000",4,13,22,27,34,44
494,2012.5.19,12,"1,054,588,407",5,7,8,15,30,43
493,2012.5.12,9,"1,451,120,334",20,22,26,33,36,37
492,2012.5.5,5,"2,493,013,800",22,27,31,35,37,40
491,2012.4.28,4,"3,304,634,438",8,17,35,36,39,42
490,2012.4.21,7,"1,860,234,161",2,7,26,29,40,43
489,2012.4.14,6,"2,106,360,625",2,4,8,15,20,27
488,2012.4.7,10,"1,330,393,575",2,8,17,30,31,38
487,2012.3.31,8,"1,638,830,766",4,8,25,27,37,41
486,2012.3.24,13,"1,008,634,125",1,2,23,25,38,40
485,2012.3.17,9,"1,501,474,917",17,22,26,27,36,39
484,2012.3.10,6,"2,305,303,063",1,3,27,28,32,45
483,2012.3.3,5,"2,567,196,675",12,15,19,22,28,34
482,2012.2.25,7,"1,897,921,179",1,10,16,24,25,35
481,2012.2.18,3,"4,639,355,750",3,4,23,29,40,41
480,2012.2.11,4,"2,996,742,282",3,5,10,17,30,31
479,2012.2.4,6,"2,233,046,500",8,23,25,27,35,44
478,2012.1.28,14,"987,224,759",18,29,30,37,39,43
477,2012.1.21,8,"1,919,011,829",14,25,29,32,33,45
476,2012.1.14,4,"3,439,851,469",9,12,13,15,37,38
475,2012.1.7,8,"1,693,923,047",1,9,14,16,21,29
474,2011.12.31,15,"936,690,800",4,13,18,31,33,45
473,2011.12.24,4,"3,250,418,063",8,13,20,22,23,36
472,2011.12.17,7,"1,809,656,090",16,25,26,31,36,43
471,2011.12.10,7,"1,939,332,858",6,13,29,37,39,41
470,2011.12.3,3,"4,333,330,625",10,16,20,39,41,42
469,2011.11.26,4,"3,330,131,250",4,21,22,34,37,38
468,2011.11.19,9,"1,527,197,167",8,13,15,28,37,43
467,2011.11.12,9,"1,435,441,084",2,12,14,17,24,40
466,2011.11.5,9,"1,530,313,459",4,10,13,23,32,44
465,2011.10.29,7,"1,923,662,893",1,8,11,13,22,38
464,2011.10.22,13,"3,355,721,106",6,12,15,34,42,44
463,2011.10.15,0,0,23,29,31,33,34,44
462,2011.10.8,8,"1,483,559,297",3,20,24,32,37,45
461,2011.10.1,6,"1,948,674,875",11,18,26,31,37,40
460,2011.9.24,4,"3,180,895,782",8,11,28,30,43,45
459,2011.9.17,7,"1,655,842,233",4,6,10,14,25,40
458,2011.9.10,8,"1,608,812,625",4,9,10,32,36,40
457,2011.9.3,10,"1,159,902,825",8,10,18,23,27,40
456,2011.8.27,7,"1,598,505,054",1,7,12,18,23,27
455,2011.8.20,7,"1,635,711,483",4,19,20,26,30,35
454,2011.8.13,7,"1,609,125,590",13,25,27,34,38,41
453,2011.8.6,5,"2,262,732,375",12,24,33,38,40,42
452,2011.7.30,9,"1,276,902,000",8,10,18,30,32,34
451,2011.7.23,13,"882,138,952",12,15,20,24,30,38
450,2011.7.16,6,"1,990,391,625",6,14,19,21,23,31
449,2011.7.9,3,"4,059,715,250",3,10,20,26,35,43
448,2011.7.2,3,"4,026,212,750",3,7,13,27,40,41
447,2011.6.25,4,"2,657,941,125",2,7,8,9,17,33
446,2011.6.18,3,"4,051,247,625",1,11,12,14,26,35
445,2011.6.11,7,"1,791,683,036",13,20,21,30,39,45
444,2011.6.4,3,"4,154,188,625",11,13,23,35,43,45
443,2011.5.28,9,"1,327,597,584",4,6,10,19,20,44
442,2011.5.21,9,"1,413,413,042",25,27,29,36,38,40
441,2011.5.14,4,"3,170,417,063",1,23,28,30,34,35
440,2011.5.7,6,"1,995,873,000",10,22,28,34,36,44
439,2011.4.30,6,"1,900,077,375",17,20,30,31,37,40
438,2011.4.23,9,"1,377,142,167",6,12,20,26,29,38
437,2011.4.16,6,"2,096,245,438",11,16,29,38,41,44
436,2011.4.9,8,"1,512,266,579",9,14,20,22,33,34
435,2011.4.2,10,"1,287,550,013",8,16,26,30,38,45
434,2011.3.26,8,"1,480,060,266",3,13,20,24,33,37
433,2011.3.19,11,"1,182,294,410",19,23,29,33,35,43
432,2011.3.12,5,"2,299,427,550",2,3,5,11,27,39
431,2011.3.5,10,"1,268,434,013",18,22,25,31,38,45
430,2011.2.26,8,"1,611,763,219",1,3,16,18,30,34
429,2011.2.19,9,"1,485,904,709",3,23,28,34,39,42
428,2011.2.12,9,"1,437,683,209",12,16,19,22,37,40
427,2011.2.5,1,"12,571,445,625",6,7,15,24,28,30
426,2011.1.29,4,"3,057,233,625",4,17,18,27,39,43
425,2011.1.22,8,"1,534,833,000",8,10,14,27,33,38
424,2011.1.15,10,"1,109,480,813",10,11,26,31,34,44
423,2011.1.8,3,"3,896,153,875",1,17,27,28,29,40
422,2011.1.1,6,"2,205,251,375",8,15,19,21,34,44
421,2010.12.25,5,"2,321,144,325",6,11,26,27,28,44
420,2010.12.18,8,"1,424,856,375",4,9,10,29,31,34
419,2010.12.11,3,"3,796,490,750",2,11,13,14,28,30
418,2010.12.4,8,"1,435,649,766",11,13,15,26,28,34
417,2010.11.27,4,"2,818,329,938",4,5,14,20,22,43
416,2010.11.20,10,"1,072,037,100",5,6,8,11,22,26
415,2010.11.13,8,"1,334,182,407",7,17,20,26,30,40
414,2010.11.6,1,"11,703,832,500",2,14,15,22,23,44
413,2010.10.30,4,"2,814,673,500",2,9,15,23,34,40
412,2010.10.23,7,"1,656,199,822",4,7,39,41,42,45
411,2010.10.16,12,"953,227,563",11,14,22,35,37,39
410,2010.10.9,9,"1,249,335,709",1,3,18,32,40,41
409,2010.10.2,4,"2,896,989,750",6,9,21,31,32,40
408,2010.9.25,5,"2,235,375,825",9,20,21,22,30,37
407,2010.9.18,7,"1,649,707,286",6,7,13,16,24,25
406,2010.9.11,5,"2,156,142,450",7,12,21,24,27,36
405,2010.9.4,3,"3,543,878,000",1,2,10,25,26,44
404,2010.8.28,3,"3,566,659,375",5,20,21,24,33,40
403,2010.8.21,5,"2,122,396,875",10,14,22,24,28,37
402,2010.8.14,4,"2,662,206,188",5,9,15,19,22,36
401,2010.8.7,9,"1,168,214,792",6,12,18,31,38,43
400,2010.7.31,4,"2,669,834,325",9,21,27,34,41,43
399,2010.7.24,8,"1,276,854,975",1,2,9,17,19,42
398,2010.7.17,4,"2,680,625,550",10,15,20,23,42,44
397,2010.7.10,3,"3,499,519,700",12,13,17,22,25,33
396,2010.7.3,2,"5,296,622,400",18,20,31,34,40,45
395,2010.6.26,7,"1,534,635,000",11,15,20,26,31,35
394,2010.6.19,1,"10,654,349,100",1,13,20,22,25,28
393,2010.6.12,8,"1,362,003,975",9,16,28,40,41,43
392,2010.6.5,6,"1,713,528,700",1,3,7,8,24,42
391,2010.5.29,1,"10,508,749,800",10,11,18,22,28,39
390,2010.5.22,1,"10,373,997,900",16,17,28,37,39,40
389,2010.5.15,5,"2,119,027,020",7,16,18,20,23,26
388,2010.5.8,4,"2,545,543,875",1,8,9,17,29,32
387,2010.5.1,4,"2,675,533,500",1,26,31,34,40,43
386,2010.4.24,10,"1,042,953,330",4,7,10,19,31,40
385,2010.4.17,7,"1,542,032,700",7,12,19,21,29,32
384,2010.4.10,3,"3,658,734,200",11,22,24,32,36,38
383,2010.4.3,3,"3,596,522,100",4,15,28,33,37,40
382,2010.3.27,6,"1,846,674,900",10,15,22,24,27,42
381,2010.3.20,19,"565,738,895",1,5,10,12,16,20
380,2010.3.13,4,"2,684,274,825",1,2,8,17,26,37
379,2010.3.6,7,"1,598,999,786",6,10,22,31,35,40
378,2010.2.27,5,"2,317,698,240",5,22,29,31,34,39
377,2010.2.20,3,"3,912,085,400",6,22,29,37,43,45
376,2010.2.13,6,"1,956,915,800",1,11,13,24,28,40
375,2010.2.6,7,"1,581,284,058",4,8,19,25,27,45
374,2010.1.30,2,"5,528,717,850",11,13,15,17,25,34
373,2010.1.23,4,"2,791,801,125",15,26,37,42,43,45
372,2010.1.16,9,"1,192,593,200",8,11,14,16,18,21
371,2010.1.9,7,"1,524,130,543",7,9,15,26,27,42
370,2010.1.2,7,"1,678,941,943",16,18,24,42,44,45
369,2009.12.26,6,"1,842,177,750",17,20,35,36,41,43
368,2009.12.19,7,"1,465,825,115",11,21,24,30,39,45
367,2009.12.12,7,"1,581,736,586",3,22,25,29,32,44
366,2009.12.5,2,"5,351,553,900",5,12,19,26,27,44
365,2009.11.28,1,"10,697,716,800",5,15,21,25,26,30
364,2009.11.21,4,"2,531,914,800",2,5,7,14,16,40
363,2009.11.14,4,"2,615,910,600",11,12,14,21,32,38
362,2009.11.7,6,"1,729,424,650",2,3,22,27,30,40
361,2009.10.31,7,"1,473,115,115",5,10,16,24,27,35
360,2009.10.24,3,"3,566,716,200",4,16,23,25,35,40
359,2009.10.17,8,"1,286,712,600",1,10,19,20,24,40
358,2009.10.10,3,"3,472,654,900",1,9,10,12,21,40
357,2009.10.3,2,"5,313,394,350",10,14,18,21,36,37
356,2009.9.26,9,"1,157,185,267",2,8,14,25,29,45
355,2009.9.19,5,"2,145,424,800",5,8,29,30,35,44
354,2009.9.12,5,"2,124,464,340",14,19,36,43,44,45
353,2009.9.5,2,"5,290,838,250",11,16,19,22,29,36
352,2009.8.29,6,"1,732,858,250",5,16,17,20,26,41
351,2009.8.22,4,"2,583,357,150",5,25,27,29,34,36
350,2009.8.15,9,"1,101,052,467",1,8,18,24,29,33
349,2009.8.8,3,"3,353,209,000",5,13,14,20,24,25
348,2009.8.1,3,"3,299,994,000",3,14,17,20,24,31
347,2009.7.25,7,"1,456,624,286",3,8,13,27,32,42
346,2009.7.18,5,"2,017,727,340",5,13,14,22,44,45
345,2009.7.11,2,"5,203,577,550",15,20,23,29,39,42
344,2009.7.4,7,"1,467,106,543",1,2,15,28,34,45
343,2009.6.27,6,"1,717,153,000",1,10,17,29,31,43
342,2009.6.20,3,"3,454,095,800",1,13,14,33,34,43
341,2009.6.13,7,"1,497,207,772",1,8,19,34,39,43
340,2009.6.6,7,"1,439,393,186",18,24,26,29,34,38
339,2009.5.30,9,"1,096,778,334",6,8,14,21,30,37
338,2009.5.23,3,"3,383,431,000",2,13,34,38,42,45
337,2009.5.16,8,"1,257,500,513",1,5,14,18,32,37
336,2009.5.9,6,"1,685,632,650",3,5,20,34,35,44
335,2009.5.2,5,"2,037,492,480",5,9,16,23,26,45
334,2009.4.25,7,"1,523,002,972",13,15,21,29,39,43
333,2009.4.18,7,"1,550,987,143",5,14,27,30,39,43
332,2009.4.11,8,"1,359,448,388",16,17,34,36,42,45
331,2009.4.4,5,"2,165,902,620",4,9,14,26,31,44
330,2009.3.28,9,"1,162,280,200",3,4,16,17,19,20
329,2009.3.21,6,"1,830,391,200",9,17,19,30,35,42
328,2009.3.14,6,"1,819,795,900",1,6,9,16,17,28
327,2009.3.7,12,"882,674,750",6,12,13,17,32,44
326,2009.2.28,6,"1,832,134,550",16,23,25,33,36,39
325,2009.2.21,6,"1,806,122,450",7,17,20,32,44,45
324,2009.2.14,6,"1,865,130,350",2,4,21,25,33,36
323,2009.2.7,8,"1,461,025,388",10,14,15,32,36,42
322,2009.1.31,6,"1,904,544,700",9,18,29,32,38,43
321,2009.1.24,6,"1,959,136,100",12,18,20,21,25,34
320,2009.1.17,2,"5,513,067,900",16,19,23,25,41,45
319,2009.1.10,5,"2,135,659,380",5,8,22,28,33,42
318,2009.1.3,9,"1,207,436,600",2,17,19,20,34,45
317,2008.12.27,4,"2,576,258,550",3,10,11,22,36,39
316,2008.12.20,6,"1,673,586,400",10,11,21,27,31,39
315,2008.12.13,8,"1,308,728,625",1,13,33,35,43,45
314,2008.12.6,6,"1,660,512,200",15,17,19,34,38,41
313,2008.11.29,6,"1,715,422,800",9,17,34,35,43,45
312,2008.11.22,15,"629,017,820",2,3,5,6,12,20
311,2008.11.15,8,"1,237,691,063",4,12,24,27,28,32
310,2008.11.8,8,"1,296,713,325",1,5,19,28,34,41
309,2008.11.1,11,"901,622,946",1,2,5,11,18,36
308,2008.10.25,1,"10,232,872,800",14,15,17,19,37,45
307,2008.10.18,4,"2,587,643,250",5,15,21,23,25,45
306,2008.10.11,5,"2,102,669,520",4,18,23,30,34,41
305,2008.10.4,5,"2,008,210,140",7,8,18,21,23,39
304,2008.9.27,6,"1,661,646,150",4,10,16,26,33,41
303,2008.9.20,6,"1,672,749,000",2,14,17,30,38,45
302,2008.9.13,2,"5,472,167,250",13,19,20,32,38,42
301,2008.9.6,7,"1,447,385,015",7,11,13,33,37,43
300,2008.8.30,12,"836,092,425",7,9,10,12,26,38
299,2008.8.23,7,"1,483,772,529",1,3,20,25,36,45
298,2008.8.16,1,"9,909,778,500",5,9,27,29,37,40
297,2008.8.9,2,"5,056,668,750",6,11,19,20,28,32
296,2008.8.2,8,"3,066,088,275",3,8,15,27,30,45
295,2008.7.26,0,0,1,4,12,16,18,38
294,2008.7.19,4,"2,406,504,975",6,10,17,30,37,38
293,2008.7.12,6,"1,656,764,400",1,9,17,21,29,33
292,2008.7.5,14,"720,373,950",17,18,31,32,33,34
291,2008.6.28,7,"1,450,585,200",3,7,8,18,20,42
290,2008.6.21,13,"2,149,214,424",8,13,18,32,39,45
289,2008.6.14,0,0,3,14,33,37,38,42
288,2008.6.7,4,"2,357,261,550",1,12,17,28,35,41
287,2008.5.31,7,"1,328,657,100",6,12,24,27,35,37
286,2008.5.24,3,"3,236,566,300",1,15,19,40,42,44
285,2008.5.17,3,"3,164,370,100",13,33,37,40,41,45
284,2008.5.10,3,"3,117,640,300",2,7,15,24,30,45
283,2008.5.3,3,"3,137,224,600",6,8,18,31,38,45
282,2008.4.26,7,"1,322,052,643",2,5,10,18,31,32
281,2008.4.19,6,"1,554,683,200",1,3,4,6,14,41
280,2008.4.12,7,"1,355,258,529",10,11,23,24,36,37
279,2008.4.5,5,"1,914,205,320",7,16,31,36,37,38
278,2008.3.29,3,"3,186,530,000",3,11,37,39,41,43
277,2008.3.22,3,"3,272,627,800",10,12,13,15,25,29
276,2008.3.15,3,"3,312,569,000",4,15,21,33,39,41
275,2008.3.8,1,"10,044,066,900",14,19,20,35,38,40
274,2008.3.1,4,"2,505,085,575",13,14,15,26,35,39
273,2008.2.23,3,"3,339,543,100",1,8,24,31,34,44
272,2008.2.16,9,"1,104,622,800",7,9,12,27,39,43
271,2008.2.9,6,"1,565,918,150",3,8,9,27,29,40
270,2008.2.2,5,"1,927,830,060",5,9,12,20,21,26
269,2008.1.26,5,"1,961,399,940",5,18,20,36,42,43
268,2008.1.19,7,"1,350,954,515",3,10,19,24,32,45
267,2008.1.12,3,"3,257,663,300",7,8,24,34,36,41
266,2008.1.5,3,"3,207,211,700",3,4,9,11,22,42
265,2007.12.29,8,"1,200,838,575",5,9,34,37,38,39
264,2007.12.22,7,"1,344,889,200",9,16,27,36,41,44
263,2007.12.15,6,"1,551,704,900",1,27,28,32,37,40
262,2007.12.8,2,"4,518,741,600",9,12,24,25,29,31
261,2007.12.1,3,"3,192,299,100",6,11,16,18,31,43
260,2007.11.24,4,"2,310,085,575",7,12,15,24,37,40
259,2007.11.17,2,"4,838,533,500",4,5,14,35,42,45
258,2007.11.10,4,"2,426,434,350",14,27,30,31,38,40
257,2007.11.3,4,"2,391,377,025",6,13,27,31,32,37
256,2007.10.27,2,"4,891,017,000",4,11,14,21,23,43
255,2007.10.20,6,"1,598,618,550",1,5,6,24,27,42
254,2007.10.13,1,"9,741,015,900",1,5,19,20,24,30
253,2007.10.6,4,"2,466,189,525",8,19,25,31,34,36
252,2007.9.29,7,"1,391,089,715",14,23,26,31,39,45
251,2007.9.22,8,"1,282,616,400",6,7,19,25,28,38
250,2007.9.15,5,"1,994,726,280",19,23,30,37,43,45
249,2007.9.8,6,"1,663,568,700",3,8,27,31,41,44
248,2007.9.1,8,"1,227,479,363",3,8,17,23,38,45
247,2007.8.25,6,"1,669,313,900",12,15,28,36,39,40
246,2007.8.18,5,"1,911,774,240",13,18,21,23,26,39
245,2007.8.11,7,"1,382,583,129",9,11,27,31,32,38
244,2007.8.4,1,"9,121,583,100",13,16,25,36,37,38
243,2007.7.28,4,"2,408,850,000",2,12,17,19,28,42
242,2007.7.21,8,"1,234,542,375",4,19,20,21,32,34
241,2007.7.14,4,"2,552,016,300",2,16,24,27,28,35
240,2007.7.7,2,"5,098,251,450",6,10,16,40,41,43
239,2007.6.30,9,"1,134,140,167",11,15,24,39,41,44
238,2007.6.23,9,"1,121,660,567",2,4,15,28,31,34
237,2007.6.16,7,"1,440,630,729",1,11,17,21,24,44
236,2007.6.9,2,"5,030,040,150",1,4,8,13,37,39
235,2007.6.2,3,"3,433,330,100",21,22,26,27,31,37
234,2007.5.26,4,"2,519,743,875",13,21,22,24,26,37
233,2007.5.19,10,"999,153,750",4,6,13,17,28,40
232,2007.5.12,9,"1,110,918,400",8,9,10,12,24,44
231,2007.5.5,9,"1,088,365,900",5,10,19,31,44,45
230,2007.4.28,8,"1,292,929,163",5,11,14,29,32,33
229,2007.4.21,7,"1,451,441,100",4,5,9,11,23,38
228,2007.4.14,9,"1,146,700,334",17,25,35,36,39,44
227,2007.4.7,2,"5,253,542,400",4,5,15,16,22,42
226,2007.3.31,6,"1,744,100,150",2,6,8,14,21,22
225,2007.3.24,6,"1,777,201,800",5,11,13,19,31,36
224,2007.3.17,6,"1,808,969,950",4,19,26,27,30,42
223,2007.3.10,7,"1,498,170,600",1,3,18,20,26,27
222,2007.3.3,5,"2,275,193,820",5,7,28,29,39,43
221,2007.2.24,6,"1,800,104,250",2,20,33,35,37,40
220,2007.2.17,6,"1,958,094,950",5,11,19,21,34,43
219,2007.2.10,9,"1,208,409,167",4,11,20,26,35,37
218,2007.2.3,4,"2,779,075,800",1,8,14,18,29,44
217,2007.1.27,7,"1,611,246,172",16,20,27,33,35,39
216,2007.1.20,13,"848,506,108",7,16,17,33,36,40
215,2007.1.13,7,"1,587,689,615",2,3,7,15,43,44
214,2007.1.6,8,"1,406,980,875",5,7,20,25,28,37
213,2006.12.30,8,"1,376,678,025",2,3,4,5,20,24
212,2006.12.23,4,"2,660,747,250",11,12,18,21,31,38
211,2006.12.16,10,"1,035,800,250",12,13,17,20,33,41
210,2006.12.9,2,"5,139,085,950",10,19,22,23,25,37
209,2006.12.2,6,"1,660,896,350",2,7,18,20,24,33
208,2006.11.25,6,"1,760,767,400",14,25,31,34,40,44
207,2006.11.18,5,"2,104,673,760",3,11,14,31,32,37
206,2006.11.11,5,"2,032,859,340",1,2,3,15,20,25
205,2006.11.4,6,"1,835,221,800",1,3,21,29,35,37
204,2006.10.28,8,"1,358,347,125",3,12,14,35,40,45
203,2006.10.21,5,"2,164,564,740",1,3,11,24,30,32
202,2006.10.14,6,"1,893,391,700",12,14,27,33,39,44
201,2006.10.7,1,"9,719,465,400",3,11,24,38,39,44
200,2006.9.30,8,"1,344,616,613",5,6,13,14,17,20
199,2006.9.23,2,"5,344,252,200",14,21,22,25,30,36
198,2006.9.16,6,"1,797,855,050",12,19,20,25,41,45
197,2006.9.9,6,"1,803,018,300",7,12,16,34,42,45
196,2006.9.2,15,"727,876,520",35,36,37,41,44,45
195,2006.8.26,11,"918,992,591",7,10,19,22,35,40
194,2006.8.19,4,"2,650,567,875",15,20,23,26,39,44
193,2006.8.12,3,"3,404,449,700",6,14,18,26,36,39
192,2006.8.5,4,"2,445,348,375",4,8,11,18,37,45
191,2006.7.29,4,"2,577,114,675",5,6,24,25,32,37
190,2006.7.22,6,"1,784,159,450",8,14,18,30,31,44
189,2006.7.15,3,"3,461,775,100",8,14,32,35,37,45
188,2006.7.8,3,"3,501,405,200",19,24,27,30,31,34
187,2006.7.1,7,"1,544,733,900",1,2,8,18,29,38
186,2006.6.24,9,"1,187,882,600",4,10,14,19,21,45
185,2006.6.17,3,"3,522,485,800",1,2,4,8,19,38
184,2006.6.10,6,"1,747,753,050",1,2,6,16,20,33
183,2006.6.3,6,"1,777,221,500",2,18,24,34,40,42
182,2006.5.27,3,"3,721,439,400",13,15,27,29,34,40
181,2006.5.20,6,"1,941,763,300",14,21,23,32,40,45
180,2006.5.13,2,"5,763,371,550",2,15,20,21,29,34
179,2006.5.6,10,"1,081,093,920",5,9,17,25,39,43
178,2006.4.29,5,"2,254,621,080",1,5,11,12,18,23
177,2006.4.22,7,"1,693,285,500",1,10,13,16,37,43
176,2006.4.15,5,"2,314,663,080",4,17,30,32,33,34
175,2006.4.8,5,"2,371,132,620",19,26,28,31,33,36
174,2006.4.1,7,"1,771,103,058",13,14,18,22,35,39
173,2006.3.25,8,"1,487,736,788",3,9,24,30,33,34
172,2006.3.18,11,"1,081,154,073",4,19,21,24,26,41
171,2006.3.11,6,"1,961,339,700",4,16,25,29,34,35
170,2006.3.4,6,"1,923,108,250",2,11,13,15,31,42
169,2006.2.25,5,"2,482,888,380",16,27,35,37,43,45
168,2006.2.18,5,"2,349,946,920",3,10,31,40,42,43
167,2006.2.11,5,"2,491,222,920",24,27,28,30,36,39
166,2006.2.4,11,"1,111,299,982",9,12,27,36,39,45
165,2006.1.28,2,"6,767,426,700",5,13,18,19,22,42
164,2006.1.21,3,"4,054,937,900",6,9,10,11,39,41
163,2006.1.14,7,"1,629,726,515",7,11,26,28,29,44
162,2006.1.7,5,"2,308,265,760",1,5,21,25,38,41
161,2005.12.31,7,"1,996,876,272",22,34,36,40,42,45
160,2005.12.24,2,"5,490,805,350",3,7,8,34,39,41
159,2005.12.17,6,"1,755,407,300",1,18,30,41,42,43
158,2005.12.10,10,"1,069,544,340",4,9,13,18,21,34
157,2005.12.3,2,"5,484,903,750",19,26,30,33,35,39
156,2005.11.26,8,"1,401,099,900",5,18,28,30,42,45
155,2005.11.19,9,"1,193,005,734",16,19,20,32,33,41
154,2005.11.12,4,"2,836,628,700",6,19,21,35,40,45
153,2005.11.5,4,"2,730,526,125",3,8,11,12,13,36
152,2005.10.29,5,"2,278,131,840",1,5,13,26,29,34
151,2005.10.22,4,"2,716,634,025",1,2,10,13,18,19
150,2005.10.15,4,"2,831,645,850",2,18,25,28,37,39
149,2005.10.8,7,"1,639,052,143",2,11,21,34,41,42
148,2005.10.1,5,"2,323,596,420",21,25,33,34,35,36
147,2005.9.24,7,"1,700,040,215",4,6,13,21,40,42
146,2005.9.17,2,"6,043,415,250",2,19,27,35,41,42
145,2005.9.10,3,"3,797,838,200",2,3,13,20,27,44
144,2005.9.3,8,"1,402,440,413",4,15,17,26,36,37
143,2005.8.27,3,"3,954,584,700",26,27,28,42,43,45
142,2005.8.20,11,"1,018,265,564",12,16,30,34,40,44
141,2005.8.13,6,"1,900,552,400",8,12,29,31,42,43
140,2005.8.6,5,"2,109,462,840",3,13,17,18,19,28
139,2005.7.30,7,"1,650,210,215",9,11,15,20,28,43
138,2005.7.23,5,"2,227,152,000",10,11,27,28,37,39
137,2005.7.16,9,"1,270,403,467",7,9,20,25,36,39
136,2005.7.9,6,"1,997,694,150",2,16,30,36,41,42
135,2005.7.2,7,"1,717,293,515",6,14,22,28,35,39
134,2005.6.25,5,"2,349,155,100",3,12,20,23,31,35
133,2005.6.18,8,"1,450,242,600",4,7,15,18,23,26
132,2005.6.11,4,"2,920,473,525",3,17,23,34,41,45
131,2005.6.4,8,"1,451,214,488",8,10,11,14,15,21
130,2005.5.28,4,"3,036,496,650",7,19,24,27,42,45
129,2005.5.21,11,"1,093,629,655",19,23,25,28,38,42
128,2005.5.14,6,"2,064,043,100",12,30,34,36,37,45
127,2005.5.7,6,"1,965,939,150",3,5,10,29,32,43
126,2005.4.30,9,"1,369,301,500",7,20,22,27,40,43
125,2005.4.23,7,"1,754,870,786",2,8,32,33,35,36
124,2005.4.16,9,"1,395,936,267",4,16,23,25,29,42
123,2005.4.9,5,"2,532,982,680",7,17,18,28,30,45
122,2005.4.2,9,"1,450,073,800",1,11,16,17,36,40
121,2005.3.26,2,"6,839,648,100",12,28,30,34,38,43
120,2005.3.19,3,"4,364,530,300",4,6,10,11,32,37
119,2005.3.12,9,"1,474,899,400",3,11,13,14,17,21
118,2005.3.5,10,"1,297,989,720",3,4,10,17,19,22
117,2005.2.26,9,"1,558,378,334",5,10,22,34,36,44
116,2005.2.19,7,"1,997,747,315",2,4,25,31,34,37
115,2005.2.12,9,"1,488,589,567",1,2,6,9,25,28
114,2005.2.5,6,"2,362,345,050",11,14,19,26,28,41
113,2005.1.29,9,"1,561,528,934",4,9,28,33,36,45
112,2005.1.22,9,"1,567,271,167",26,29,30,33,41,42
111,2005.1.15,6,"2,199,047,450",7,18,31,33,36,40
110,2005.1.8,3,"4,566,262,000",7,20,22,23,29,43
109,2005.1.1,12,"1,246,838,200",1,5,34,36,42,44
108,2004.12.25,7,"1,998,900,772",7,18,22,23,29,44
107,2004.12.18,2,"6,679,927,800",1,4,5,6,9,31
106,2004.12.11,16,"810,461,157",4,10,12,22,24,33
105,2004.12.4,4,"3,416,781,450",8,10,20,34,41,45
104,2004.11.27,2,"6,610,743,750",17,32,33,34,42,44
103,2004.11.20,8,"1,691,589,563",5,14,15,27,30,45
102,2004.11.13,9,"1,457,153,067",17,22,24,26,35,40
101,2004.11.6,5,"2,707,297,500",1,3,17,32,35,45
100,2004.10.30,4,"3,315,315,525",1,7,11,23,37,42
99,2004.10.23,6,"2,169,219,050",1,3,10,27,29,37
98,2004.10.16,4,"3,177,972,300",6,9,16,23,24,32
97,2004.10.9,9,"1,496,214,000",6,7,14,15,20,36
96,2004.10.2,7,"1,847,133,515",1,3,8,21,22,31
95,2004.9.25,8,"1,747,741,238",8,17,27,31,34,43
94,2004.9.18,6,"2,245,339,950",5,32,34,40,41,45
93,2004.9.11,6,"2,269,178,150",6,22,24,36,38,44
92,2004.9.4,11,"1,233,270,846",3,14,24,33,35,36
91,2004.8.28,4,"3,582,902,400",1,21,24,26,29,42
90,2004.8.21,4,"3,291,435,300",17,20,29,35,38,44
89,2004.8.14,3,"4,248,321,900",4,26,28,29,33,40
88,2004.8.7,4,"3,069,709,650",1,17,20,24,30,41
87,2004.7.31,11,"1,799,358,055",4,12,16,23,34,43
86,2004.7.24,1,"14,252,186,400",2,12,37,39,41,45
85,2004.7.17,4,"3,462,109,800",6,8,13,23,31,36
84,2004.7.10,2,"7,669,779,000",16,23,27,34,42,45
83,2004.7.3,2,"7,086,948,300",6,10,15,17,19,34
82,2004.6.26,1,"14,562,494,400",1,2,3,14,27,42
81,2004.6.19,5,"2,714,288,880",5,7,11,13,20,33
80,2004.6.12,1,"13,809,540,000",17,18,24,25,26,30
79,2004.6.5,4,"3,416,443,800",3,12,24,27,30,32
78,2004.5.29,4,"3,519,850,000",10,13,25,29,33,35
77,2004.5.22,3,"5,155,758,600",2,18,29,32,43,44
76,2004.5.15,2,"7,451,022,600",1,3,15,22,25,37
75,2004.5.8,4,"3,914,616,900",2,5,24,32,34,44
74,2004.5.1,3,"5,284,949,800",6,15,17,18,35,40
73,2004.4.24,6,"2,766,662,100",3,12,18,32,40,43
72,2004.4.17,13,"3,260,524,600",2,4,11,17,26,27
71,2004.4.10,0,0,5,9,12,16,29,41
70,2004.4.3,3,"5,031,277,800",5,19,22,25,28,43
69,2004.3.27,3,"4,962,712,200",5,8,14,15,19,39
68,2004.3.20,5,"2,945,882,100",10,12,15,16,26,39
67,2004.3.13,7,"2,114,436,500",3,7,10,15,36,38
66,2004.3.6,4,"3,685,138,200",2,3,7,17,22,24
65,2004.2.28,4,"3,727,945,800",4,25,33,36,40,43
64,2004.2.21,4,"3,899,818,000",14,15,18,21,26,36
63,2004.2.14,2,"7,922,245,500",3,20,23,36,38,40
62,2004.2.7,1,"15,817,286,400",3,8,15,27,29,35
61,2004.1.31,5,"3,541,038,800",14,15,19,30,38,43
60,2004.1.24,7,"2,172,504,600",2,8,25,36,39,42
59,2004.1.17,4,"4,127,587,300",6,29,36,39,41,45
58,2004.1.10,4,"3,676,429,200",10,24,25,33,40,44
57,2004.1.3,4,"4,114,411,900",7,10,16,25,29,44
56,2003.12.27,4,"3,777,570,900",10,14,30,31,33,37
55,2003.12.20,2,"7,088,799,600",17,21,31,37,40,44
54,2003.12.13,3,"5,148,626,600",1,8,21,27,36,39
53,2003.12.6,3,"5,014,371,000",7,8,14,32,33,39
52,2003.11.29,4,"3,900,844,900",2,4,15,16,20,29
51,2003.11.22,6,"2,421,117,000",2,3,11,16,26,44
50,2003.11.15,3,"5,227,061,400",2,10,12,15,22,44
49,2003.11.8,7,"1,967,504,600",4,7,16,19,33,40
48,2003.11.1,6,"2,415,673,600",6,10,18,26,37,38
47,2003.10.25,5,"3,250,042,400",14,17,26,31,36,45
46,2003.10.18,3,"5,327,758,800",8,13,15,23,31,38
45,2003.10.11,2,"8,356,417,800",1,10,20,27,33,35
44,2003.10.4,5,"3,362,155,800",3,11,21,30,38,45
43,2003.9.27,1,"17,749,630,800",6,31,35,38,39,44
42,2003.9.20,6,"6,899,280,100",17,18,19,21,23,32
41,2003.9.13,0,0,13,20,23,35,38,43
40,2003.9.6,13,"1,147,652,400",7,13,18,19,25,26
39,2003.8.30,6,"2,623,748,800",6,7,13,15,21,43
38,2003.8.23,3,"5,374,866,400",16,17,22,30,37,43
37,2003.8.16,3,"4,985,999,400",7,27,30,33,35,37
36,2003.8.9,1,"16,014,475,800",1,10,23,26,28,40
35,2003.8.2,3,"5,054,598,200",2,3,11,26,37,43
34,2003.7.26,5,"3,056,918,000",9,26,35,37,40,42
33,2003.7.19,1,"14,903,517,600",4,7,32,33,40,41
32,2003.7.12,10,"1,634,528,300",6,14,19,25,34,44
31,2003.7.5,2,"8,106,672,900",7,9,18,23,28,35
30,2003.6.28,2,"8,728,555,500",8,17,20,35,36,44
29,2003.6.21,5,"3,552,594,000",1,5,13,34,39,40
28,2003.6.14,10,"1,700,361,100",9,18,23,25,35,37
27,2003.6.7,2,"9,543,982,500",1,20,26,28,37,43
26,2003.5.31,5,"3,495,069,900",4,5,7,18,20,25
25,2003.5.24,2,"24,227,745,300",2,4,21,26,43,44
24,2003.5.17,0,0,7,8,27,29,36,43
23,2003.5.10,4,"4,317,947,700",5,13,17,18,33,42
22,2003.5.3,4,"4,552,194,900",4,5,6,8,17,39
21,2003.4.26,23,"797,475,400",6,12,17,18,31,32
20,2003.4.19,1,"19,352,212,800",10,14,18,20,23,30
19,2003.4.12,1,"40,722,959,400",6,30,38,39,40,43
18,2003.4.5,0,0,3,12,13,19,32,35
17,2003.3.29,3,"5,349,491,200",3,4,9,17,32,37
16,2003.3.22,4,"4,377,146,100",6,7,24,37,38,40
15,2003.3.15,1,"17,014,245,000",3,4,16,30,31,37
14,2003.3.8,4,"9,375,048,300",2,6,12,31,33,40
13,2003.3.1,0,0,22,23,25,37,38,42
12,2003.2.22,12,"1,348,845,700",2,11,21,25,39,45
11,2003.2.15,5,"4,780,152,300",1,7,36,37,41,42
10,2003.2.8,13,"6,430,437,900",9,25,30,33,41,44
9,2003.2.1,0,0,2,4,16,17,36,39
8,2003.1.25,0,0,8,19,25,34,37,39
7,2003.1.18,0,0,2,9,16,25,26,40
6,2003.1.11,1,"6,574,451,700",14,15,26,27,40,42
5,2003.1.4,0,0,16,24,29,40,41,42
4,2002.12.28,0,0,14,27,30,31,40,42
3,2002.12.21,1,"2,000,000,000",11,16,19,21,27,31
2,2002.12.14,1,"2,002,006,800",9,13,21,25,32,42
1,2002.12.7,0,0,10,23,29,33,37,40